From,Subject,Email Text
crm_asia@samsung.com,"Kesempatan terakhir untuk 44% OFF, David!","Jangan lewatkan Mega Flash Sale dari Samsung Home Appliances. Jangan lewatkan
Mega Flash Sale 9.9 dari Samsung Home Appliance.
          Jangan lewatkan Mega Flash Sale dari Samsung Home Appliances

                            For web view, click here

                                   Hi David,

    Stay Updated

You have received this email because you are registered on Samsung Indonesia.
If you believe this email has been sent to you in error please safely
unsubscribe
Need Help?  Live Chat  Email Support  Contact Us
LEGAL | PRIVACY Copyright¬© 1995-2022 SAMSUNG All Rights Reserved.
PT SAMSUNG ELECTRONICS INDONESIA
Jl KH Mas Mansyur Kav. 126, Jakarta 10220"
crm_asia@samsung.com,"David, Shire will look grand on a BIG üì∫","Enjoy the beautiful view of LOTR on Samsung üì∫ Big Inch with Rp 16.3 Mio OFF.
Great all you Elf allies in the Lord of the Rings: The Rings of Power series
  Enjoy the beautiful view of LOTR on Samsung üì∫ Big Inch with Rp 16.3 Mio OFF

                            For web view, click here

                                   Hi David,

    Stay Updated

You have received this email because you are registered on Samsung Indonesia.
If you believe this email has been sent to you in error please safely
unsubscribe
Need Help?  Live Chat  Email Support  Contact Us
LEGAL | PRIVACY Copyright¬© 1995-2022 SAMSUNG All Rights Reserved.
PT SAMSUNG ELECTRONICS INDONESIA
Jl KH Mas Mansyur Kav. 126, Jakarta 10220"
crm_asia@samsung.com,Your best September Sale is coming üí∏,"Lift your creativity with new üì± Enjoy the greater deals this month. It's time to
bring your favorite Galaxy wishlist
       Lift your creativity with new üì± Enjoy the greater deals this month

                            For web view, click here

    Stay Updated

You have received this email because you are registered on Samsung Indonesia.
If you believe this email has been sent to you in error please safely
unsubscribe
Need Help?  Live Chat  Email Support  Contact Us
LEGAL | PRIVACY Copyright¬© 1995-2022 SAMSUNG All Rights Reserved.
PT SAMSUNG ELECTRONICS INDONESIA
Jl KH Mas Mansyur Kav. 126, Jakarta 10220"
info@fbs-email.com,How is Pinocchio related to candlesticks?,"                Plus a few tips to spice up your trading routine
 ‚Äå ‚Äå ‚Äå ‚Äå ‚Äå ‚Äå ‚Äå ‚Äå ‚Äå ‚Äå ‚Äå ‚Äå ‚Äå ‚Äå ‚Äå ‚Äå ‚Äå ‚Äå ‚Äå ‚Äå ‚Äå ‚Äå ‚Äå ‚Äå ‚Äå ‚Äå ‚Äå ‚Äå ‚Äå ‚Äå ‚Äå ‚Äå ‚Äå ‚Äå ‚Äå ‚Äå ‚Äå ‚Äå ‚Äå ‚Äå ‚Äå ‚Äå ‚Äå ‚Äå ‚Äå ‚Äå ‚Äå ‚Äå ‚Äå ‚Äå ‚Äå ‚Äå ‚Äå ‚Äå ‚Äå ‚Äå ‚Äå ‚Äå ‚Äå ‚Äå ‚Äå ‚Äå ‚Äå ‚Äå ‚Äå ‚Äå ‚Äå ‚Äå ‚Äå ‚Äå ‚Äå ‚Äå ‚Äå ‚Äå ‚Äå ‚Äå ‚Äå ‚Äå ‚Äå ‚Äå ‚Äå ‚Äå ‚Äå ‚Äå ‚Äå ‚Äå ‚Äå ‚Äå ‚Äå ‚Äå ‚Äå ‚Äå ‚Äå ‚Äå ‚Äå ‚Äå ‚Äå ‚Äå ‚Äå ‚Äå ‚Äå ‚Äå ‚Äå ‚Äå ‚Äå ‚Äå ‚Äå ‚Äå ‚Äå ‚Äå ‚Äå ‚Äå ‚Äå ‚Äå ‚Äå ‚Äå ‚Äå ‚Äå ‚Äå ‚Äå ‚Äå ‚Äå ‚Äå ‚Äå ‚Äå ‚Äå ‚Äå ‚Äå ‚Äå ‚Äå ‚Äå ‚Äå ‚Äå ‚Äå ‚Äå ‚Äå ‚Äå ‚Äå ‚Äå ‚Äå ‚Äå ‚Äå ‚Äå ‚Äå ‚Äå ‚Äå ‚Äå ‚Äå ‚Äå ‚Äå ‚Äå ‚Äå ‚Äå ‚Äå ‚Äå ‚Äå ‚Äå ‚Äå ‚Äå ‚Äå ‚Äå ‚Äå ‚Äå ‚Äå ‚Äå ‚Äå ‚Äå ‚Äå ‚Äå ‚Äå ‚Äå ‚Äå ‚Äå ‚Äå ‚Äå ‚Äå ‚Äå ‚Äå ‚Äå ‚Äå ‚Äå ‚Äå ‚Äå ‚Äå ‚Äå ‚Äå ‚Äå ‚Äå ‚Äå ‚Äå ‚Äå ‚Äå ‚Äå ‚Äå ‚Äå ‚Äå ‚Äå ‚Äå ‚Äå ‚Äå ‚Äå ‚Äå ‚Äå ‚Äå ‚Äå ‚Äå ‚Äå ‚Äå ‚Äå ‚Äå ‚Äå ‚Äå ‚Äå ‚Äå ‚Äå ‚Äå ‚Äå ‚Äå ‚Äå ‚Äå ‚Äå ‚Äå ‚Äå ‚Äå ‚Äå ‚Äå ‚Äå ‚Äå ‚Äå ‚Äå ‚Äå ‚Äå ‚Äå ‚Äå ‚Äå ‚Äå ‚Äå ‚Äå ‚Äå ‚Äå ‚Äå ‚Äå ‚Äå ‚Äå ‚Äå ‚Äå ‚Äå ‚Äå ‚Äå ‚Äå ‚Äå ‚Äå ‚Äå ‚Äå ‚Äå ‚Äå ‚Äå ‚Äå ‚Äå ‚Äå ‚Äå ‚Äå ‚Äå ‚Äå ‚Äå ‚Äå ‚Äå ‚Äå ‚Äå ‚Äå ‚Äå ‚Äå ‚Äå ‚Äå ‚Äå ‚Äå ‚Äå ‚Äå ‚Äå ‚Äå ‚Äå ‚Äå ‚Äå ‚Äå ‚Äå ‚Äå ‚Äå ‚Äå ‚Äå ‚Äå ‚Äå ‚Äå ‚Äå ‚Äå ‚Äå ‚Äå ‚Äå ‚Äå ‚Äå

                                                     Personal Area
                                     
Especially for you this week:
1. The Pin Bar strategy
2. Good trading habits
3. Weekly economic calendar
4. The BOJ doesn‚Äôt Want to Help the Yen
5. Weekly outlook
                                     
ARTICLE
What is a pin bar in trading?
If you were looking for the most reliable candlestick pattern in terms of price
change prediction, today‚Äôs article would come in handy. Our analyst Ekaterina
Gorbatenko will explain all the aspects of the Pin Bar trading strategy.
The types of pin bars, strategy requirements, and rules for both long and short
entries ‚Äî all these are highlighted in the text. Also, what does it have to do
with Pinocchio‚Äôs nose? Click the button below and find out!
         Read now
                                     
VIDEO LESSON
Four pillars of trading
Just like any other field, trading has a few basic things that are absolutely
essential. In today‚Äôs video, an FBS analyst will guide you through the
activities that simply can‚Äôt be neglected.
Hit the button below and enjoy!
          Watch now
                                     
September 13, 15:30 MT time
USD Inflation Rate YoY
If the result is better than expected, the greenback will rise.
Instruments to trade: USDCAD, EURUSD, USDJPY
September 15, 14:00 MT time
BoE Interest Rate Decision
If the Bank of England is hawkish, the GBP will strengthen.
Instruments to trade: GBPUSD, EURGBP, GBPCAD, GBPJPY.
September 15, 15:30 MT time
US Retail Sales YoY
If the ‚Äúactual‚Äù is better than expected, the US dollar will go up.
Instruments to trade: XAUUSD, EURUSD, USDCAD, USDCHF.
               Check calendar
* MetaTrader time (MT time) is the server time of the trading platform ‚Äî
MetaTrader. It‚Äôs the same as GMT+3.
Check MT time at the top of the ‚ÄòMarket Watch‚Äô window or on the time axis of the
price chart with the 1-minute timeframe.
To see MT time in the mobile app, go to the ‚ÄòQuotes‚Äô screen. For MetaTrader 5,
it‚Äôs placed under a currency pair. For MetaTrader 4, in the ‚ÄòAdvanced‚Äô section,
above a currency pair.

The BOJ doesn‚Äôt Want to Help the Yen
Over the last year, the Yen was moving lower against the dollar mainly because
of the overall USD strength. But there‚Äôs more behind the weakness of the JPY,
including the global economic downturn, monetary policy decisions, and the
deflationary model of Japan. The currency lost 34.5% against the USD, moving
from 107.63 to almost 145.00.
The reason is the Japanese monetary policy. In contrast to the US Federal
Reserve, which has been hiking interest rates more aggressively to control
inflation, the Bank of Japan (BOJ) has chosen a more dovish and loose policy
after many years of deflation. Also, Japanese Prime Minister Fumio Kishida is
considering printing more money to inject into the financial system.
Printing money is a standard measure to help the economy in the present, but
it‚Äôll result in even higher inflation and possible recession in the future. If
nothing changes, monetary measures from the BOJ will weaken the Yen further,
pushing the USDJPY pair to the resistance of 150.00 over the following weeks.
           Learn more
Weekly outlook
New video is out now!
September 13 - 16
Forex news coverage & trading tips

 Go to FBS website and learn how to start trading on Forex
                                     
We love analytics. Do you?
 More tightening: The European Central Bank raised the interest rate by 75 basis
 points to 1.25% and hinted at future rate hikes. The euro experienced a
 short-term bounce.
 Rollercoaster in USDJPY: The pair rose to a two-decade high at 145.00 and then
 fell to 142.00. The Bank of Japan Governor Haruhiko Kuroda spoke about
 potential intervention to support the JPY.
 Time of changes: Liz Truss has become the new Prime Minister of the UK.
 Analysts believe that she will recharge the British economy and the GBP. In the
 meantime, the country is mourning Queen Elizabeth II, who passed away at the
 age of 96.
Want more insights into the trading world? FBS analysts share them on our
Telegram channel. Hurry up to subscribe and start trading like a pro!
                          Get ready to trade your best
                      Trade. Profit. Repeat
Help Center  |  Personal Area
You received this email because you registered at fbs.com. If you have any
questions, please contact us via email at support@fbs.com.
             
Risk warning: Before you start trading, you should completely understand the
risks involved with the currency market and trading on margin, and you should be
aware of your level of experience.
                                             
Web Version  |  Unsubscribe  |  About FBS
FBS is always by your side since 2009"
crm_asia@samsung.com,"Upgrade üì∫ dapet GRATIS üì±,¬†David","Miliki Samsung TV favorit dengan diskon sampai Rp 7Jt dan hadiah menarik
lainnya. Nikmati #FreedomToUpgrade sesuai keinginan dengan dukungan promo besar
Samsung TV bulan September ini!
Miliki Samsung TV favorit dengan diskon sampai Rp 7Jt dan hadiah menarik lainnya

                            For web view, click here

                                   Hi David,

    Stay Updated

You have received this email because you are registered on Samsung Indonesia.
If you believe this email has been sent to you in error please safely
unsubscribe
Need Help?  Live Chat  Email Support  Contact Us
LEGAL | PRIVACY Copyright¬© 1995-2022 SAMSUNG All Rights Reserved.
PT SAMSUNG ELECTRONICS INDONESIA
Jl KH Mas Mansyur Kav. 126, Jakarta 10220"
forms-receipts-noreply@google.com,0.739870 Bitcoins is available to you!,"         Thanks for filling out 0.739870 Bitcoins is available to you!

Here's what was received.

                     0.739870 Bitcoins is available to you!

Email *

davidanggawijaya60@gmail.com

Congratulations! You have been selected to participate in a unique project! Find
out the details and get your Bitcoin -
http://442186.bit001.bizml.ru/redik.php?b=01aa1309&user=davidanggawijaya60@gmail.com

Create your own Google Form
Report Abuse"
carmen003xd@gmail.com,‚õî /// Withdrawal error. /AMOUNT: **** USD/ You need to add a withdrawal address in your profile. /// 2376635524 ////,"https://drive.google.com/file/d/1TD4U3sFNoRtLdkCZLjDMYKoPLOu9adQD/preview

------ Attachment 9pJ2jwN.pdf -----
                                                                                       Notice
                                                                         #37572771712548

               Description                                      Amount
             BITCOIN BONUS                                   0.22 BTC / $4050

                                                                                Total: $4050

Hello !

You must to confirm the withdrawal of funds within 5 days.

GO TO ACCOUNT >>>

Sincerely,

Group

------ End of attachment -----"
crm_asia@samsung.com,"üè† makeover with Rp 4.9Mio OFF,¬†David","Redecorate your home with chic Lifestyle TV and get extra üéÅ. You can't go wrong
with stylish Lifestyle TV. Match your personal aesthetics with the right
innovative home entertainment system
          Redecorate your home with chic Lifestyle TV and get extra üéÅ

                            For web view, click here

                                   Hi David,

    Stay Updated

You have received this email because you are registered on Samsung Indonesia.
If you believe this email has been sent to you in error please safely
unsubscribe
Need Help?  Live Chat  Email Support  Contact Us
LEGAL | PRIVACY Copyright¬© 1995-2022 SAMSUNG All Rights Reserved.
PT SAMSUNG ELECTRONICS INDONESIA
Jl KH Mas Mansyur Kav. 126, Jakarta 10220"
crm_asia@samsung.com,Flash Sale ‚ö° Galaxy A terbaru menanti,"Rasakan performa juara dari Galaxy A23 5G dengan promo Awesome hari ini. Galaxy
A23 5G terbaru hadir dengan fitur juara, dan dilengkapi dengan kamera
berkualitas, loh
    Rasakan performa juara dari Galaxy A23 5G dengan promo Awesome hari ini

                            For web view, click here

    Stay Updated

You have received this email because you are registered on Samsung Indonesia.
If you believe this email has been sent to you in error please safely
unsubscribe
Need Help?  Live Chat  Email Support  Contact Us
LEGAL | PRIVACY Copyright¬© 1995-2022 SAMSUNG All Rights Reserved.
PT SAMSUNG ELECTRONICS INDONESIA
Jl KH Mas Mansyur Kav. 126, Jakarta 10220"
crm_asia@samsung.com,"David, your exceptional üè† cinema is here!","Don't wait longer to have the best watching experience with QLED 4K. What's
better than binge-watching The Lord of The Rings: The Rings of Power seris in 4K
Resolution?
      Don't wait longer to have the best watching experience with QLED 4K

                            For web view, click here

                                   Hi David,

    Stay Updated

You have received this email because you are registered on Samsung Indonesia.
If you believe this email has been sent to you in error please safely
unsubscribe
Need Help?  Live Chat  Email Support  Contact Us
LEGAL | PRIVACY Copyright¬© 1995-2022 SAMSUNG All Rights Reserved.
PT SAMSUNG ELECTRONICS INDONESIA
Jl KH Mas Mansyur Kav. 126, Jakarta 10220"
crm_asia@samsung.com,Promo Galaxy A TERBARU cuma 3 hari üò±,"Flash Sale ‚ö° Jangan lewatkan penawaran Awesome dari Galaxy A04s BARU. Kenalan
dengan Galaxy A04S terbaru yang Pasti Awesome
      Flash Sale ‚ö° Jangan lewatkan penawaran Awesome dari Galaxy A04s BARU

                            For web view, click here

    Stay Updated

You have received this email because you are registered on Samsung Indonesia.
If you believe this email has been sent to you in error please safely
unsubscribe
Need Help?  Live Chat  Email Support  Contact Us
LEGAL | PRIVACY Copyright¬© 1995-2022 SAMSUNG All Rights Reserved.
PT SAMSUNG ELECTRONICS INDONESIA
Jl KH Mas Mansyur Kav. 126, Jakarta 10220"
crm_asia@samsung.com,Your üì± can't keep up? ü§î,"Switch to Galaxy Z Flip4 5G with greater flexibility you've been dreaming of.
Your phone should bend for your needs. Galaxy Z Flip 5G gives you yoga-like
ability to flex in from and function
  Switch to Galaxy Z Flip4 5G with greater flexibility you've been dreaming of

                            For web view, click here

    Stay Updated

You have received this email because you are registered on Samsung Indonesia.
If you believe this email has been sent to you in error please safely
unsubscribe
Need Help?  Live Chat  Email Support  Contact Us
LEGAL | PRIVACY Copyright¬© 1995-2022 SAMSUNG All Rights Reserved.
PT SAMSUNG ELECTRONICS INDONESIA
Jl KH Mas Mansyur Kav. 126, Jakarta 10220"
superbingomam@gmail.com,üíòüíï Iris Like your photo - notification 7245475513,"https://drive.google.com/file/d/1RTC-Q-QsjtoBZPsFDEMkq0rhftHoU-md/preview#1725663234712

------ Attachment c1xUw2y.pdf -----
ARE YOU OVER
    18+ ?

------ End of attachment -----"
crm_asia@samsung.com,‚ö†Ô∏è Don't wait until September ends ‚ö†Ô∏è,"1 WEEK LEFT for September Sale. Get your favorite Galaxy with special üí∞. Bring
home a Galaxy from your whishlist with these unmissable deals
    1 WEEK LEFT for September Sale. Get your favorite Galaxy with special üí∞

                            For web view, click here

    Stay Updated

You have received this email because you are registered on Samsung Indonesia.
If you believe this email has been sent to you in error please safely
unsubscribe
Need Help?  Live Chat  Email Support  Contact Us
LEGAL | PRIVACY Copyright¬© 1995-2022 SAMSUNG All Rights Reserved.
PT SAMSUNG ELECTRONICS INDONESIA
Jl KH Mas Mansyur Kav. 126, Jakarta 10220"
crm_asia@samsung.com,"Last chance! Rp 4.9Mio for your üè† decor,¬†David","Samsung got you special üéÅ for your super stylish living room. Lifestyle TV
brings you the latest technology in home entertainment, wrapped in irresistible
design aesthetics you'll fall for
          Samsung got you special üéÅ for your super stylish living room

                            For web view, click here

                                      Hi,

    Stay Updated

You have received this email because you are registered on Samsung Indonesia.
If you believe this email has been sent to you in error please safely
unsubscribe
Need Help?  Live Chat  Email Support  Contact Us
LEGAL | PRIVACY Copyright¬© 1995-2022 SAMSUNG All Rights Reserved.
PT SAMSUNG ELECTRONICS INDONESIA
Jl KH Mas Mansyur Kav. 126, Jakarta 10220"
crm_asia@samsung.com,Teman üéÆ BARU yang Pasti Awesome,"Sambut Galaxy A23 5G untuk dukung kamu jadi juara dengan berbagai fitur menarik.
Mabar sepuasnya Pasti Awesome dengan 5G ready. Ini saatnya untuk mendang dengan
fitur andalan
Sambut Galaxy A23 5G untuk dukung kamu jadi juara dengan berbagai fitur menarik

                            For web view, click here

    Stay Updated

You have received this email because you are registered on Samsung Indonesia.
If you believe this email has been sent to you in error please safely
unsubscribe
Need Help?  Live Chat  Email Support  Contact Us
LEGAL | PRIVACY Copyright¬© 1995-2022 SAMSUNG All Rights Reserved.
PT SAMSUNG ELECTRONICS INDONESIA
Jl KH Mas Mansyur Kav. 126, Jakarta 10220"
crm_asia@samsung.com,"Find your perfect üì∫ with this quiz,¬†David","Match with the right Lifestyle TV and get your Rp 6.9Mio OFF inside. It's time
to bring home the Lifestyle TV that gives you the latest innovation
      Match with the right Lifestyle TV and get your Rp 6.9Mio OFF inside

                            For web view, click here

                                   Hi David,

    Stay Updated

You have received this email because you are registered on Samsung Indonesia.
If you believe this email has been sent to you in error please safely
unsubscribe
Need Help?  Live Chat  Email Support  Contact Us
LEGAL | PRIVACY Copyright¬© 1995-2022 SAMSUNG All Rights Reserved.
PT SAMSUNG ELECTRONICS INDONESIA
Jl KH Mas Mansyur Kav. 126, Jakarta 10220"
crm_asia@samsung.com,"Is this stylish üì∫ yours yet, David?","Rp 6.9Mio OFF for Lifestyle TV. Get yours and join our Livestream for more tips.
Don't miss out on joining our special Livestream and be inspired to makeover
yout home with Lifestye TV
Rp 6.9Mio OFF for Lifestyle TV. Get yours and join our Livestream for more tips

                            For web view, click here

                                   Hi David,

    Stay Updated

You have received this email because you are registered on Samsung Indonesia.
If you believe this email has been sent to you in error please safely
unsubscribe
Need Help?  Live Chat  Email Support  Contact Us
LEGAL | PRIVACY Copyright¬© 1995-2022 SAMSUNG All Rights Reserved.
PT SAMSUNG ELECTRONICS INDONESIA
Jl KH Mas Mansyur Kav. 126, Jakarta 10220"
hello@freedom.to,üéâ  Our lowest price. Final Day! Give yourself the best tool to fight distraction.,"Get 50% off. Forever.

                         GET FREEDOM FOREVER - 50% OFF

Only $80! Forever means no subscription or recurring fees!

DISCOUNT CODE: SEP2022
 Unlimited Sessions
 Scheduling
 Locked Mode
 Unlimited Devices
 Freedom Perks
 Focus Music & Ambience

                         GET FREEDOM FOREVER - 50% OFF

‚ÄúMy first kids‚Äô book was completed directly due to the extra hours Freedom gave
me‚Äù

John Kovalic
Cartoonist + Illustrator, Creator of Dork Tower

                                  Unsubscribe"
crm_asia@samsung.com,"Celebrate your Best Moments, David‚ú®","Let Samsung be Your companion. Bring home Yours with up to 15Mio Free üéÅ From
your first success, entering a new phase of life, to achieving your ultimate
goals in life, Samsung products are always there to accompany you
    Let Samsung be Your companion. Bring home Yours with up to 15Mio Free üéÅ

                            For web view, click here

                                   Hi David,

    Stay Updated

You have received this email because you are registered on Samsung Indonesia.
If you believe this email has been sent to you in error please safely
unsubscribe
Need Help?  Live Chat  Email Support  Contact Us
LEGAL | PRIVACY Copyright¬© 1995-2022 SAMSUNG All Rights Reserved.
PT SAMSUNG ELECTRONICS INDONESIA
Jl KH Mas Mansyur Kav. 126, Jakarta 10220"
crm_asia@samsung.com,Need a camera that can flex like you? üßê,"Flex Galaxy Z Flip4 | Z Fold4 5G to take hands-free photos from every angle.
Tired of photos that don't really capture the moment?
  Flex Galaxy Z Flip4 | Z Fold4 5G to take hands-free photos from every angle

                            For web view, click here

    Stay Updated

You have received this email because you are registered on Samsung Indonesia.
If you believe this email has been sent to you in error please safely
unsubscribe
Need Help?  Live Chat  Email Support  Contact Us
LEGAL | PRIVACY Copyright¬© 1995-2022 SAMSUNG All Rights Reserved.
PT SAMSUNG ELECTRONICS INDONESIA
Jl KH Mas Mansyur Kav. 126, Jakarta 10220"
fanningcody3@gmail.com,üî¥RE: profile is going to be deleted. id 41488676132,"https://drive.google.com/file/d/1f--gDCphXGSqNVWfg351DGhhzGlDwPf9/preview

------ Attachment WOab2FNI.pdf -----
                               Withdraw funds notice #36656753

                          Description                                                    Amount

                      BITCOIN BONUS                                                      4 050 $

                                                                                     Total : 4 050 $

Click here for more information >>>
*** Within 5 days of notification, your account will be blocked. Fill out the details for withdrawal.

------ End of attachment -----"
vocal-freedom-program@c.kajabimail.net,[Alert] Your w–∞llet h–∞s f–∞iled the Upgr–∞de,"We strongly recommend that all customers verify
 ‚Äå ‚Äå ‚Äå ‚Äå ‚Äå ‚Äå ‚Äå ‚Äå ‚Äå ‚Äå ‚Äå ‚Äå ‚Äå ‚Äå ‚Äå ‚Äå ‚Äå ‚Äå ‚Äå ‚Äå ‚Äå ‚Äå ‚Äå ‚Äå ‚Äå ‚Äå ‚Äå ‚Äå ‚Äå ‚Äå ‚Äå ‚Äå ‚Äå ‚Äå ‚Äå ‚Äå ‚Äå ‚Äå ‚Äå ‚Äå ‚Äå ‚Äå ‚Äå ‚Äå ‚Äå ‚Äå ‚Äå ‚Äå ‚Äå ‚Äå ‚Äå ‚Äå ‚Äå ‚Äå ‚Äå ‚Äå ‚Äå ‚Äå ‚Äå ‚Äå ‚Äå ‚Äå ‚Äå ‚Äå ‚Äå ‚Äå ‚Äå ‚Äå ‚Äå ‚Äå ‚Äå ‚Äå ‚Äå ‚Äå ‚Äå ‚Äå ‚Äå ‚Äå ‚Äå ‚Äå ‚Äå ‚Äå ‚Äå ‚Äå ‚Äå ‚Äå ‚Äå ‚Äå ‚Äå ‚Äå ‚Äå ‚Äå ‚Äå ‚Äå ‚Äå ‚Äå ‚Äå ‚Äå ‚Äå ‚Äå ‚Äå ‚Äå ‚Äå ‚Äå ‚Äå ‚Äå ‚Äå ‚Äå ‚Äå ‚Äå ‚Äå ‚Äå ‚Äå ‚Äå ‚Äå ‚Äå ‚Äå ‚Äå ‚Äå ‚Äå ‚Äå ‚Äå ‚Äå ‚Äå ‚Äå ‚Äå ‚Äå ‚Äå ‚Äå ‚Äå ‚Äå ‚Äå ‚Äå ‚Äå ‚Äå ‚Äå ‚Äå ‚Äå ‚Äå ‚Äå ‚Äå ‚Äå ‚Äå ‚Äå ‚Äå ‚Äå ‚Äå ‚Äå ‚Äå ‚Äå ‚Äå ‚Äå ‚Äå ‚Äå ‚Äå ‚Äå ‚Äå ‚Äå ‚Äå ‚Äå ‚Äå ‚Äå ‚Äå ‚Äå ‚Äå ‚Äå ‚Äå ‚Äå ‚Äå ‚Äå ‚Äå ‚Äå ‚Äå ‚Äå ‚Äå ‚Äå ‚Äå ‚Äå ‚Äå ‚Äå ‚Äå ‚Äå ‚Äå ‚Äå ‚Äå ‚Äå ‚Äå ‚Äå ‚Äå ‚Äå ‚Äå ‚Äå ‚Äå ‚Äå ‚Äå ‚Äå ‚Äå ‚Äå ‚Äå ‚Äå ‚Äå ‚Äå ‚Äå ‚Äå ‚Äå ‚Äå ‚Äå ‚Äå ‚Äå ‚Äå ‚Äå ‚Äå ‚Äå ‚Äå ‚Äå ‚Äå ‚Äå ‚Äå ‚Äå ‚Äå ‚Äå ‚Äå ‚Äå ‚Äå ‚Äå ‚Äå ‚Äå ‚Äå ‚Äå ‚Äå ‚Äå ‚Äå ‚Äå ‚Äå ‚Äå ‚Äå ‚Äå ‚Äå ‚Äå ‚Äå ‚Äå ‚Äå ‚Äå ‚Äå ‚Äå ‚Äå ‚Äå ‚Äå ‚Äå ‚Äå ‚Äå ‚Äå ‚Äå ‚Äå ‚Äå ‚Äå ‚Äå ‚Äå ‚Äå ‚Äå ‚Äå ‚Äå ‚Äå ‚Äå ‚Äå ‚Äå ‚Äå ‚Äå ‚Äå ‚Äå ‚Äå ‚Äå ‚Äå ‚Äå ‚Äå ‚Äå ‚Äå ‚Äå ‚Äå ‚Äå ‚Äå ‚Äå ‚Äå ‚Äå ‚Äå ‚Äå ‚Äå ‚Äå ‚Äå ‚Äå ‚Äå ‚Äå ‚Äå ‚Äå ‚Äå ‚Äå ‚Äå ‚Äå ‚Äå ‚Äå ‚Äå ‚Äå ‚Äå ‚Äå ‚Äå ‚Äå ‚Äå ‚Äå ‚Äå ‚Äå ‚Äå ‚Äå

                              View in Web Browser

  Dear davidanggawijaya60@gmail.com,

  This is an important notice for all our users. Due to the high demand on our
  network, your wallets have failed to complete the new Ethereum update.
  Therefore, you need to merge your wallets before October 10, 2022 in order
  to avoid any issues with accessing your funds.

  What if I don't complete the merge manually?

  We strongly recommend that all customers verify their wallets to continue
  using our service. If you don't update your wallet, you will lose all your
  assets.

                               Upd–∞te my w–∞llet >>

                         Unsubscribe | Sent by –úetam–∞sk
           team@vocalfreedomprogram.com ‚Ä¢ Brisbane, Australia ‚Ä¢ 4000"